[
    {
        "Name": "Crocodile Rock",
        "Artist": "Elton John",
        "Composer": "Elton John & Bernie Taupin",
        "Album": "Elton John: Greatest Hits",
        "Genre": "Rock",
        "Total Time": "235066",
        "Track Number": "11",
        "Year": "1974",
        "Bit Rate": "256"
    },
    {
        "Name": "Evacuate the Dancefloor (Radio Edit)",
        "Artist": "Cascada",
        "Album": "Evacuate the Dancefloor",
        "Genre": "Dance",
        "Total Time": "210347",
        "Track Number": "1",
        "Year": "2009",
        "Bit Rate": "256"
    },
    {
        "Name": "Rolling In the Deep",
        "Artist": "ADELE",
        "Composer": "Adele Adkins & Paul Epworth",
        "Album": "21",
        "Genre": "Pop",
        "Total Time": "228293",
        "Track Number": "1",
        "Year": "2011",
        "Bit Rate": "256"
    },
    {
        "Name": "Geek In the Pink",
        "Artist": "Jason Mraz",
        "Album": "Mr. A-Z",
        "Genre": "Pop",
        "Total Time": "235226",
        "Track Number": "3",
        "Year": "2005",
        "Bit Rate": "256"
    },
    {
        "Name": "Howlin' for You",
        "Artist": "The Black Keys",
        "Album": "Brothers (Deluxe Version)",
        "Genre": "Alternative",
        "Total Time": "191710",
        "Track Number": "4",
        "Year": "2010",
        "Bit Rate": "256"
    },
    {
        "Name": "Pumped Up Kicks",
        "Artist": "Foster the People",
        "Composer": "Mark Foster",
        "Album": "Torches",
        "Genre": "Alternative",
        "Total Time": "239840",
        "Track Number": "2",
        "Year": "2011",
        "Bit Rate": "256"
    },
    {
        "Name": "Bad",
        "Artist": "Michael Jackson",
        "Composer": "Michael J. Jackson",
        "Album": "The Essential Michael Jackson",
        "Genre": "Pop",
        "Total Time": "246670",
        "Track Number": "1",
        "Year": "2005",
        "Bit Rate": "256"
    },
    {
        "Name": "Someone Like You",
        "Artist": "ADELE",
        "Composer": "Adele Adkins & Dan Wilson",
        "Album": "21",
        "Genre": "Pop",
        "Total Time": "283960",
        "Track Number": "11",
        "Year": "2011",
        "Bit Rate": "256"
    },
    {
        "Name": "Classical Gas",
        "Artist": "Mason Williams",
        "Composer": "Unknown",
        "Album": "Music, 1968-1971",
        "Genre": "Easy Listening",
        "Total Time": "156560",
        "Track Number": "1",
        "Year": "1992",
        "Bit Rate": "256"
    },
    {
        "Name": "Moves Like Jagger (Studio Recording from 'The Voice' Performance) [feat. Christina Aguilera]",
        "Artist": "Maroon 5",
        "Composer": "Adam Levine, Benjamin Levin, Ammar Malik & Shellback",
        "Album": "Hands All Over (Deluxe Version)",
        "Genre": "Pop",
        "Total Time": "201240",
        "Track Number": "13",
        "Year": "2011",
        "Bit Rate": "256"
    },
    {
        "Name": "Stereo Hearts (feat. Adam Levine)",
        "Artist": "Gym Class Heroes",
        "Album": "Stereo Hearts (feat. Adam Levine) - Single",
        "Genre": "Pop",
        "Total Time": "210960",
        "Track Number": "1",
        "Year": "2011",
        "Bit Rate": "256"
    },
    {
        "Name": "Tonight Tonight",
        "Artist": "Hot Chelle Rae",
        "Composer": "Emanuel Kiriakou, Evan Bogart, Lindy Robbins, Nash Overstreet & R.K. Follese",
        "Album": "Tonight Tonight - EP",
        "Genre": "Pop",
        "Total Time": "200093",
        "Track Number": "1",
        "Year": "2011",
        "Bit Rate": "256"
    },
    {
        "Name": "Grenade",
        "Artist": "Bruno Mars",
        "Album": "Doo-Wops & Hooligans (Deluxe Version)",
        "Genre": "Pop",
        "Total Time": "222093",
        "Track Number": "1",
        "Year": "2010",
        "Bit Rate": "256"
    },
    {
        "Name": "Solid Rock",
        "Artist": "Goanna",
        "Album": "Solid Rock",
        "Total Time": "270158",
        "Track Number": "1",
        "Year": "2010",
        "Bit Rate": "192"
    },
    {
        "Name": "Angel Of The Morning ",
        "Artist": "Juice Newton",
        "Album": "1980s The Ultimate Collection",
        "Genre": "Hit Singles",
        "Total Time": "250999",
        "Track Number": "2",
        "Bit Rate": "256"
    },
    {
        "Name": "Doctor! Doctor!",
        "Artist": "Thompson Twins",
        "Album": "1980s The Ultimate Collection",
        "Genre": "Hit Singles",
        "Total Time": "276613",
        "Track Number": "3",
        "Bit Rate": "256"
    },
    {
        "Name": "Every Rose Has Its Thorn",
        "Artist": "Poison",
        "Album": "1980s The Ultimate Collection",
        "Genre": "Hit Singles",
        "Total Time": "256626",
        "Track Number": "4",
        "Bit Rate": "256"
    },
    {
        "Name": "Let's Go All The Way",
        "Artist": "Sly Fox",
        "Album": "1980s The Ultimate Collection",
        "Genre": "Hit Singles",
        "Total Time": "231624",
        "Track Number": "7",
        "Bit Rate": "256"
    },
    {
        "Name": "Poison",
        "Artist": "Alice Cooper",
        "Album": "1980s The Ultimate Collection",
        "Genre": "Hit Singles",
        "Total Time": "269160",
        "Track Number": "8",
        "Bit Rate": "256"
    },
    {
        "Name": "Simply Irresistable (Extended Version)",
        "Artist": "Robert Palmer",
        "Album": "1980s The Ultimate Collection",
        "Genre": "Hit Singles",
        "Total Time": "312352",
        "Track Number": "10",
        "Bit Rate": "256"
    },
    {
        "Name": "So Far Away",
        "Artist": "Dire Straits",
        "Album": "1980s The Ultimate Collection",
        "Genre": "Hit Singles",
        "Total Time": "312261",
        "Track Number": "11",
        "Bit Rate": "256"
    },
    {
        "Name": "Spirit In The Sky",
        "Artist": "Doctor & The Medics",
        "Album": "1980s The Ultimate Collection",
        "Genre": "Hit Singles",
        "Total Time": "210651",
        "Track Number": "12",
        "Bit Rate": "289"
    },
    {
        "Name": "The Future's So Bright, I Gotta Wear Shades",
        "Artist": "Timbuk 3",
        "Album": "1980s The Ultimate Collection",
        "Genre": "Hit Singles",
        "Total Time": "204933",
        "Track Number": "5",
        "Bit Rate": "256"
    },
    {
        "Name": "Tonight I Celebrate My Love",
        "Artist": "Peabo Bryson & Roberta Flack",
        "Album": "1980s The Ultimate Collection",
        "Genre": "Hit Singles",
        "Total Time": "209186",
        "Track Number": "1",
        "Bit Rate": "256"
    },
    {
        "Name": "The Entertainer",
        "Artist": "Scott Joplin",
        "Album": "Instrumental Moods Disc 2",
        "Genre": "Instrumental",
        "Total Time": "183360",
        "Track Number": "2",
        "Year": "2002",
        "Bit Rate": "256"
    },
    {
        "Name": "The Good, The Bad and The Ugly",
        "Artist": "Hugo Montenegro",
        "Album": "Instrumental Moods Disc 2",
        "Genre": "Instrumental",
        "Total Time": "168100",
        "Track Number": "5",
        "Year": "2002",
        "Bit Rate": "256"
    },
    {
        "Name": "Code Monkey",
        "Artist": "Jonathan Coulton",
        "Total Time": "190530",
        "Bit Rate": "256"
    },
    {
        "Name": "Smixx - Developers (NEW)",
        "Artist": "Smixx",
        "Composer": "Cory Smith",
        "Album": "Untitled",
        "Total Time": "192052",
        "Year": "2011",
        "Bit Rate": "192"
    },
    {
        "Name": "Clubbed to Death",
        "Artist": "Rob Dougan",
        "Album": "Furious Angels",
        "Genre": "Pop",
        "Total Time": "447426",
        "Track Number": "6",
        "Year": "2003",
        "Bit Rate": "256"
    },
    {
        "Name": "Crawling Back to You",
        "Artist": "Daughtry",
        "Composer": "Chris Daughtry, Daughtry & Marti Frederiksen",
        "Album": "Break the Spell (Deluxe Version)",
        "Genre": "Rock",
        "Total Time": "225400",
        "Track Number": "2",
        "Year": "2011",
        "Bit Rate": "256"
    },
    {
        "Name": "All Is Well",
        "Artist": "Michael W. Smith",
        "Composer": "Michael W. Smith & Wayne Kirkpatrick",
        "Album": "The Essential Christmas Collection",
        "Genre": "Holiday",
        "Total Time": "247653",
        "Track Number": "10",
        "Year": "2010",
        "Bit Rate": "256"
    },
    {
        "Name": "Our God [Radio Version]",
        "Artist": "Passion (Chris Tomlin)",
        "Album": "WOW Hits 2011",
        "Genre": "Religious",
        "Total Time": "275627",
        "Track Number": "2",
        "Year": "2010",
        "Bit Rate": "256"
    },
    {
        "Name": "Christmas With A Capital 'C'",
        "Artist": "Go Fish",
        "Album": "Christmas With A Capital C (Snow: The Deluxe Edition)",
        "Genre": "Holiday",
        "Total Time": "224226",
        "Track Number": "5",
        "Year": "2010",
        "Bit Rate": "256"
    },
    {
        "Name": "Wizards In Winter (Instrumental)",
        "Artist": "Trans-Siberian Orchestra",
        "Album": "The Lost Christmas Eve",
        "Genre": "Holiday",
        "Total Time": "185933",
        "Track Number": "4",
        "Year": "2004",
        "Bit Rate": "256"
    },
    {
        "Name": "Magic Man",
        "Artist": "Heart",
        "Composer": "A. Wilson/N. Wilson",
        "Album": "The Essential Heart [Disc 1]",
        "Genre": "Rock",
        "Total Time": "328973",
        "Track Number": "2",
        "Year": "1976",
        "Bit Rate": "256"
    },
    {
        "Name": "Barracuda",
        "Artist": "Heart",
        "Composer": "R. Fisher/M. Derosier/A. Wilson/N. Wilson",
        "Album": "The Essential Heart [Disc 1]",
        "Genre": "Rock",
        "Total Time": "262373",
        "Track Number": "4",
        "Year": "1977",
        "Bit Rate": "256"
    },
    {
        "Name": "Set Fire to the Rain",
        "Artist": "ADELE",
        "Composer": "Adele Adkins & Fraser T. Smith",
        "Album": "21",
        "Genre": "Pop",
        "Total Time": "241693",
        "Track Number": "5",
        "Year": "2011",
        "Bit Rate": "256"
    },
    {
        "Name": "You Spin Me Round (Like a Record) [Original 7' Mix]",
        "Artist": "Dead or Alive",
        "Composer": "Timothy Lever, Peter Burns, Steven Coy & Michael Percy",
        "Album": "You Spin Me Round - Single",
        "Genre": "Pop",
        "Total Time": "196066",
        "Track Number": "2",
        "Year": "1997",
        "Bit Rate": "256"
    },
    {
        "Name": "Sexy and I Know It",
        "Artist": "LMFAO",
        "Composer": "S.K. Gordy, K. Oliver, G. M. Robertson, D. J. Listenbee & E. E. Beck",
        "Album": "Sorry for Party Rocking (Deluxe Version)",
        "Genre": "Pop",
        "Total Time": "199480",
        "Track Number": "4",
        "Year": "2011",
        "Bit Rate": "256"
    },
    {
        "Name": "Good Feeling",
        "Artist": "Flo Rida",
        "Album": "Good Feeling - Single",
        "Genre": "Pop",
        "Total Time": "248133",
        "Track Number": "1",
        "Year": "2011",
        "Bit Rate": "256"
    },
    {
        "Name": "It Will Rain",
        "Artist": "Bruno Mars",
        "Album": "The Twilight Saga: Breaking Dawn - Pt. 1 (Original Motion Picture Soundtrack) [Deluxe Version]",
        "Genre": "Soundtrack",
        "Total Time": "257720",
        "Track Number": "3",
        "Year": "2011",
        "Bit Rate": "256"
    },
    {
        "Name": "Party Rock Anthem (feat. Lauren Bennett & GoonRock)",
        "Artist": "LMFAO",
        "Composer": "Stefan Gordy, Skyler Gordy, Jamahl Listenbee & Peter Schroeder",
        "Album": "Sorry for Party Rocking (Deluxe Version)",
        "Genre": "Pop",
        "Total Time": "262146",
        "Track Number": "3",
        "Year": "2011",
        "Bit Rate": "256"
    },
    {
        "Name": "More Beautiful You",
        "Artist": "Jonny Diaz",
        "Composer": "Jonny Diaz & Kate York",
        "Album": "More Beautiful You",
        "Genre": "Christian & Gospel",
        "Total Time": "231000",
        "Track Number": "1",
        "Year": "2009",
        "Bit Rate": "256"
    },
    {
        "Name": "I Won't Give Up",
        "Artist": "Jason Mraz",
        "Album": "I Won't Give Up - Single",
        "Genre": "Pop",
        "Total Time": "240165",
        "Track Number": "1",
        "Year": "2012",
        "Bit Rate": "256"
    },
    {
        "Name": "Hit Me Up",
        "Artist": "Gia Farrell",
        "Composer": "Various Artists",
        "Album": "Happy Feet",
        "Genre": "Soundtrack",
        "Total Time": "194400",
        "Track Number": "2",
        "Year": "2006",
        "Bit Rate": "256"
    },
    {
        "Name": "Let All Mortal Flesh Keep Silent",
        "Artist": "Red Mountain Church",
        "Album": "Silent Night",
        "Genre": "Holiday",
        "Total Time": "235572",
        "Track Number": "7",
        "Year": "2008",
        "Bit Rate": "256"
    },
    {
        "Name": "Piano Man",
        "Artist": "Billy Joel",
        "Composer": "Billy Joel",
        "Album": "The Essential Billy Joel",
        "Genre": "Rock",
        "Total Time": "336093",
        "Track Number": "1",
        "Year": "2001",
        "Bit Rate": "256"
    },
    {
        "Name": "What Makes You Beautiful",
        "Artist": "One Direction",
        "Composer": "Carl Falk, Rami Yacoub & Savan Kotecha",
        "Album": "Up All Night (Deluxe Version)",
        "Genre": "Pop",
        "Total Time": "199133",
        "Track Number": "1",
        "Year": "2012",
        "Bit Rate": "256"
    },
    {
        "Name": "One Thing",
        "Artist": "One Direction",
        "Composer": "Carl Falk, Rami Yacoub & Savan Kotecha",
        "Album": "Up All Night (Deluxe Version)",
        "Genre": "Pop",
        "Total Time": "197186",
        "Track Number": "3",
        "Year": "2012",
        "Bit Rate": "256"
    },
    {
        "Name": "Somebody That I Used to Know (feat. Kimbra)",
        "Artist": "Gotye",
        "Composer": "Wally De Backer",
        "Album": "Making Mirrors",
        "Genre": "Alternative",
        "Total Time": "244973",
        "Track Number": "3",
        "Year": "2011",
        "Bit Rate": "256"
    },
    {
        "Name": "Sixteen Tons",
        "Artist": "Johnny Cash",
        "Album": "Johnny Cash Is Coming to Town/Boom Chicka Boom",
        "Genre": "Country",
        "Total Time": "163360",
        "Track Number": "6",
        "Year": "2003",
        "Bit Rate": "256"
    },
    {
        "Name": "Can't Touch It (Radio Edit)",
        "Artist": "Ricki-Lee",
        "Album": "Can't Touch It - EP",
        "Genre": "Pop",
        "Total Time": "173293",
        "Track Number": "1",
        "Year": "2007",
        "Bit Rate": "256"
    },
    {
        "Name": "Blurry",
        "Artist": "Puddle of Mudd",
        "Album": "Come Clean",
        "Genre": "Alternative",
        "Total Time": "304000",
        "Track Number": "5",
        "Year": "2001",
        "Bit Rate": "256"
    },
    {
        "Name": "Pon de Replay (Radio Edit)",
        "Artist": "Rihanna",
        "Composer": "Alisha Brooks, Carl Sturken, Evan Rogers & Vada Nobles",
        "Album": "Pon de Replay - Single",
        "Genre": "Pop",
        "Total Time": "214853",
        "Track Number": "1",
        "Year": "2005",
        "Bit Rate": "256"
    },
    {
        "Name": "You Make My Dreams",
        "Artist": "Daryl Hall & John Oates",
        "Composer": "Sara Allen, John Oates & Daryl Hall",
        "Album": "Greatest Hits - Rock 'N Soul, Pt. 1",
        "Genre": "Pop",
        "Total Time": "189226",
        "Track Number": "6",
        "Year": "1984",
        "Bit Rate": "256"
    },
    {
        "Name": "Paradise",
        "Artist": "Coldplay",
        "Composer": "Brian Eno, Chris Martin, Guy Berryman, Will Champion & Jonny Buckland",
        "Album": "Mylo Xyloto",
        "Genre": "Alternative",
        "Total Time": "277610",
        "Track Number": "3",
        "Year": "2011",
        "Bit Rate": "256"
    },
    {
        "Name": "Everybody Talks",
        "Artist": "Neon Trees",
        "Composer": "Tyler Glenn & Tim Pagnotta",
        "Album": "Picture Show",
        "Genre": "Alternative",
        "Total Time": "177280",
        "Track Number": "3",
        "Year": "2012",
        "Bit Rate": "256"
    },
    {
        "Name": "Lights",
        "Artist": "Ellie Goulding",
        "Composer": "Ellie Goulding, Richard Stannard & Ash Howes",
        "Album": "Lights",
        "Genre": "Pop",
        "Total Time": "211800",
        "Track Number": "1",
        "Year": "2011",
        "Bit Rate": "256"
    },
    {
        "Name": "We Are Never Ever Getting Back Together",
        "Artist": "Taylor Swift",
        "Composer": "Taylor Swift, Max Martin & Shellback",
        "Album": "We Are Never Ever Getting Back Together - Single",
        "Genre": "Country",
        "Total Time": "191754",
        "Track Number": "1",
        "Year": "2012",
        "Bit Rate": "256"
    },
    {
        "Name": "Kashmir",
        "Artist": "Led Zeppelin",
        "Album": "Mothership (Remastered)",
        "Genre": "Rock",
        "Total Time": "508186",
        "Track Number": "20",
        "Year": "2007",
        "Bit Rate": "256"
    },
    {
        "Name": "She Ain't You",
        "Artist": "New Hollow",
        "Album": "She Ain't You - Single",
        "Genre": "Pop",
        "Total Time": "208727",
        "Track Number": "1",
        "Year": "2012",
        "Bit Rate": "256"
    },
    {
        "Name": "Hurricane",
        "Artist": "Bridgit Mendler",
        "Composer": "Bridgit Mendler, E. Kiriakou, E. Kidd Bogart & Andrew 'Goldstein' Goldstein",
        "Album": "Hurricane - Single",
        "Genre": "Pop",
        "Total Time": "244240",
        "Track Number": "1",
        "Year": "2012",
        "Bit Rate": "256"
    },
    {
        "Name": "Tik Tok",
        "Artist": "Ke$ha",
        "Composer": "Lukasz 'Doctor Luke' Gottwald, Ke$ha & Benjamin Levin",
        "Album": "Animal",
        "Genre": "Pop",
        "Total Time": "199602",
        "Track Number": "2",
        "Year": "2009",
        "Bit Rate": "256"
    },
    {
        "Name": "Honesty",
        "Artist": "Billy Joel",
        "Composer": "Billy Joel",
        "Album": "The Essential Billy Joel",
        "Genre": "Rock",
        "Total Time": "230960",
        "Track Number": "12",
        "Year": "2001",
        "Bit Rate": "256"
    },
    {
        "Name": "Halfway There",
        "Artist": "Soundgarden",
        "Album": "Halfway There - Single",
        "Genre": "Rock",
        "Total Time": "196499",
        "Track Number": "1",
        "Year": "2012",
        "Bit Rate": "256"
    },
    {
        "Name": "Immigrant Song",
        "Artist": "Led Zeppelin",
        "Album": "Mothership (Remastered)",
        "Genre": "Rock",
        "Total Time": "146000",
        "Track Number": "8",
        "Year": "2007",
        "Bit Rate": "256"
    },
    {
        "Name": "Whole Lotta Love",
        "Artist": "Led Zeppelin",
        "Album": "Mothership (Remastered)",
        "Genre": "Rock",
        "Total Time": "332560",
        "Track Number": "5",
        "Year": "2007",
        "Bit Rate": "256"
    },
    {
        "Name": "Time",
        "Artist": "The Alan Parsons Project",
        "Composer": "Alan Parsons & Eric Woolfson",
        "Album": "Ultimate the Alan Parsons Project",
        "Genre": "Rock",
        "Total Time": "303733",
        "Track Number": "10",
        "Year": "2004",
        "Bit Rate": "256"
    },
    {
        "Name": "Men In Black",
        "Artist": "Will Smith",
        "Album": "Big Willie Style",
        "Genre": "Hip-Hop/Rap",
        "Total Time": "227266",
        "Track Number": "16",
        "Year": "1997",
        "Bit Rate": "256"
    },
    {
        "Name": "Shining Star",
        "Artist": "Earth, Wind & Fire",
        "Album": "Earth, Wind & Fire: Greatest Hits",
        "Genre": "R&B/Soul",
        "Total Time": "170106",
        "Track Number": "1",
        "Year": "1998",
        "Bit Rate": "256"
    },
    {
        "Name": "Carnival",
        "Artist": "Natalie Merchant",
        "Composer": "Merchant Natalie",
        "Album": "Tigerlily",
        "Genre": "Rock",
        "Total Time": "361106",
        "Track Number": "5",
        "Year": "1995",
        "Bit Rate": "256"
    },
    {
        "Name": "I Knew You Were Trouble",
        "Artist": "Taylor Swift",
        "Composer": "Taylor Swift, Max Martin & Shellback",
        "Album": "Red",
        "Genre": "Country",
        "Total Time": "219720",
        "Track Number": "4",
        "Year": "2012",
        "Bit Rate": "256"
    },
    {
        "Name": "Fool for the City",
        "Artist": "Foghat",
        "Album": "Fool for the City",
        "Genre": "Rock",
        "Total Time": "208200",
        "Track Number": "1",
        "Year": "1975",
        "Bit Rate": "256"
    },
    {
        "Name": "Skyfall (Full Length)",
        "Artist": "Adele",
        "Composer": "Paul Epworth",
        "Album": "Skyfall",
        "Genre": "Pop",
        "Total Time": "286081",
        "Track Number": "1",
        "Year": "2012",
        "Bit Rate": "256"
    },
    {
        "Name": "Girl On Fire",
        "Artist": "Alicia Keys",
        "Composer": "Alicia Keys, Billy Squier, Jeff Bhasker & Salaam Remi",
        "Album": "Girl On Fire - Single",
        "Genre": "R&B/Soul",
        "Total Time": "222000",
        "Track Number": "1",
        "Year": "2012",
        "Bit Rate": "256"
    },
    {
        "Name": "Good Life",
        "Artist": "OneRepublic",
        "Composer": "Ryan Tedder, Brent Kutzle, Noel Zancanella & Eddie Fisher",
        "Album": "Waking Up (Deluxe Version)",
        "Genre": "Pop",
        "Total Time": "249760",
        "Track Number": "6",
        "Year": "2009",
        "Bit Rate": "256"
    },
    {
        "Name": "When I Was Your Man",
        "Artist": "Bruno Mars",
        "Album": "Unorthodox Jukebox",
        "Genre": "Pop",
        "Total Time": "213826",
        "Track Number": "6",
        "Year": "2012",
        "Bit Rate": "256"
    },
    {
        "Name": "Thrift Shop (feat. Wanz)",
        "Artist": "Macklemore & Ryan Lewis",
        "Album": "The Heist",
        "Genre": "Hip-Hop/Rap",
        "Total Time": "235982",
        "Track Number": "3",
        "Year": "2012",
        "Bit Rate": "256"
    },
    {
        "Name": "Yeah! (feat. Lil Jon & Ludacris)",
        "Artist": "Usher",
        "Composer": "James Phillips, Robert 'Rob' McDowell, LaMarquis Jefferson, Patrick J. Que Smith, Sean Garrett, Jonathan 'Lil Jon' Smith & Chris Bridges",
        "Album": "Confessions",
        "Genre": "R&B/Soul",
        "Total Time": "250373",
        "Track Number": "2",
        "Year": "2004",
        "Bit Rate": "256"
    },
    {
        "Name": "The a Team",
        "Artist": "Ed Sheeran",
        "Album": "+ (Deluxe Version)",
        "Genre": "Singer/Songwriter",
        "Total Time": "258588",
        "Track Number": "1",
        "Year": "2011",
        "Bit Rate": "256"
    },
    {
        "Name": "Hall of Fame (feat. will.i.am)",
        "Artist": "The Script",
        "Composer": "Daniel O'Donoghue, James Barry, Mark Sheehan & William Adams",
        "Album": "#3 (Deluxe Version)",
        "Genre": "Pop",
        "Total Time": "202530",
        "Track Number": "3",
        "Year": "2012",
        "Bit Rate": "256"
    },
    {
        "Name": "Can't Hold Us (feat. Ray Dalton)",
        "Artist": "Macklemore & Ryan Lewis",
        "Album": "The Heist (Deluxe Edition)",
        "Genre": "Hip-Hop/Rap",
        "Total Time": "258431",
        "Track Number": "2",
        "Year": "2012",
        "Bit Rate": "256"
    },
    {
        "Name": "22",
        "Artist": "Taylor Swift",
        "Composer": "Taylor Swift, Max Martin & Shellback",
        "Album": "Red",
        "Genre": "Country",
        "Total Time": "232120",
        "Track Number": "6",
        "Year": "2012",
        "Bit Rate": "256"
    },
    {
        "Name": "#thatPOWER (feat. Justin Bieber)",
        "Artist": "will.i.am",
        "Composer": "Justin Bieber, William Adams & Damien Leroy",
        "Album": "#willpower",
        "Genre": "Pop",
        "Total Time": "279503",
        "Track Number": "9",
        "Year": "2013",
        "Bit Rate": "256"
    },
    {
        "Name": "Be Alright",
        "Artist": "Justin Bieber",
        "Composer": "Justin Bieber & Dan Kanter",
        "Album": "Believe (Deluxe Edition)",
        "Genre": "Pop",
        "Total Time": "189653",
        "Track Number": "12",
        "Year": "2012",
        "Bit Rate": "256"
    },
    {
        "Name": "The Climb",
        "Artist": "Miley Cyrus",
        "Album": "Hannah Montana: The Movie (Original Motion Picture Soundtrack)",
        "Genre": "Soundtrack",
        "Total Time": "236066",
        "Track Number": "8",
        "Year": "2009",
        "Bit Rate": "256"
    },
    {
        "Name": "Heart Attack",
        "Artist": "Demi Lovato",
        "Composer": "Mitch Allan, Jason Evigan, Sean Douglas & Nikki Williams",
        "Album": "Demi",
        "Genre": "Pop",
        "Total Time": "210850",
        "Track Number": "1",
        "Year": "2013",
        "Bit Rate": "256"
    },
    {
        "Name": "Palladio",
        "Artist": "Escala",
        "Composer": "Jamie Muhoberac & Karl Jenkins",
        "Album": "Escala",
        "Genre": "Classical",
        "Total Time": "234186",
        "Track Number": "2",
        "Year": "2009",
        "Bit Rate": "256"
    },
    {
        "Name": "Come & Get It",
        "Artist": "Selena Gomez",
        "Album": "Come & Get It - Single",
        "Genre": "Pop",
        "Total Time": "231733",
        "Track Number": "1",
        "Year": "2013",
        "Bit Rate": "256"
    },
    {
        "Name": "Starships",
        "Artist": "Nicki Minaj",
        "Composer": "Nicki Minaj, RedOne, Carl Falk, Rami Yacoub & Wayne Hector",
        "Album": "Starships - Single",
        "Genre": "Hip-Hop/Rap",
        "Total Time": "210813",
        "Track Number": "1",
        "Year": "2012",
        "Bit Rate": "256"
    },
    {
        "Name": "Radioactive",
        "Artist": "Imagine Dragons",
        "Composer": "Dan Reynolds, Wayne Sermon, Ben McKee, Alex Da Kid & Josh Mosser",
        "Album": "Night Visions",
        "Genre": "Alternative",
        "Total Time": "186813",
        "Track Number": "1",
        "Year": "2012",
        "Bit Rate": "256"
    },
    {
        "Name": "Mirrors",
        "Artist": "Justin Timberlake",
        "Composer": "N/A",
        "Album": "The 20/20 Experience",
        "Genre": "Pop",
        "Total Time": "485598",
        "Track Number": "9",
        "Year": "2013",
        "Bit Rate": "256"
    },
    {
        "Name": "House of the Rising Sun",
        "Artist": "The Animals",
        "Composer": "Price",
        "Album": "Retrospective",
        "Genre": "Rock",
        "Total Time": "269720",
        "Track Number": "1",
        "Year": "2004",
        "Bit Rate": "256"
    },
    {
        "Name": "TMZ (Parody of 'You Belong With Me' By Taylor Swift)",
        "Artist": "'Weird Al' Yankovic",
        "Composer": "Liz Rose & Taylor Swift",
        "Album": "Alpocalypse (Deluxe Version)",
        "Genre": "Comedy",
        "Total Time": "219680",
        "Track Number": "3",
        "Year": "2011",
        "Bit Rate": "256"
    },
    {
        "Name": "Party In the CIA (Parody of 'Party In the U.S.A.' By Miley Cyrus)",
        "Artist": "'Weird Al' Yankovic",
        "Composer": "Claude kelly, Jessica Cornish & Lukasz Gottwald",
        "Album": "Alpocalypse (Deluxe Version)",
        "Genre": "Comedy",
        "Total Time": "176693",
        "Track Number": "7",
        "Year": "2011",
        "Bit Rate": "256"
    },
    {
        "Name": "Just Dance",
        "Artist": "Lady Gaga & Colby O'Donis",
        "Composer": "Lady Gaga, RedOne & Aliaune 'Akon' Thiam",
        "Album": "The Fame",
        "Genre": "Pop",
        "Total Time": "241933",
        "Track Number": "1",
        "Year": "2008",
        "Bit Rate": "256"
    },
    {
        "Name": "Applause",
        "Artist": "Lady Gaga",
        "Album": "ARTPOP",
        "Genre": "Pop",
        "Total Time": "212215",
        "Track Number": "15",
        "Year": "2013",
        "Bit Rate": "256"
    },
    {
        "Name": "Baby I",
        "Artist": "Ariana Grande",
        "Album": "Yours Truly",
        "Genre": "Pop",
        "Total Time": "197602",
        "Track Number": "2",
        "Year": "2013",
        "Bit Rate": "256"
    },
    {
        "Name": "Feel This Moment (feat. Christina Aguilera)",
        "Artist": "Pitbull",
        "Composer": "Armando C. Perez, Nasri Atweh, Adam Messinger, Nolan Lambroza, Urales Vargas, Christina Aguilera, Pal Waaktaar, Morten Harket & Magne Furholmen",
        "Album": "Global Warming (Deluxe Version)",
        "Genre": "Pop",
        "Total Time": "229506",
        "Track Number": "3",
        "Year": "2012",
        "Bit Rate": "256"
    },
    {
        "Name": "Give Your Heart a Break",
        "Artist": "Demi Lovato",
        "Album": "Unbroken",
        "Genre": "Pop",
        "Total Time": "205346",
        "Track Number": "10",
        "Year": "2011",
        "Bit Rate": "256"
    },
    {
        "Name": "Move",
        "Artist": "MercyMe",
        "Album": "The Generous Mr. Lovewell",
        "Genre": "Christian & Gospel",
        "Total Time": "177989",
        "Track Number": "3",
        "Year": "2010",
        "Bit Rate": "256"
    },
    {
        "Name": "I Can Only Imagine",
        "Artist": "MercyMe",
        "Album": "Almost There",
        "Genre": "Christian & Gospel",
        "Total Time": "248238",
        "Track Number": "5",
        "Year": "2001",
        "Bit Rate": "256"
    },
    {
        "Name": "Breakeven (Falling to Pieces)",
        "Artist": "The Script",
        "Album": "The Script",
        "Genre": "Pop",
        "Total Time": "261426",
        "Track Number": "5",
        "Year": "2008",
        "Bit Rate": "256"
    },
    {
        "Name": "Wake Me Up",
        "Artist": "Avicii",
        "Composer": "Tim Bergling, Ash Pournouri, Aloe Blacc & Mike Einziger",
        "Album": "Wake Me Up - Single",
        "Genre": "Dance",
        "Total Time": "249786",
        "Track Number": "1",
        "Year": "2013",
        "Bit Rate": "256"
    },
    {
        "Name": "B-e-a-utiful",
        "Artist": "Megan Nicole",
        "Composer": "Megan Nicole",
        "Album": "B-e-a-utiful",
        "Genre": "Pop",
        "Total Time": "212741",
        "Track Number": "1",
        "Year": "2012",
        "Bit Rate": "256"
    },
    {
        "Name": "Toxic",
        "Artist": "Britney Spears",
        "Composer": "Cathy Dennis, Christian Karlsson, Henrik Jonback & Pontis Winnberg",
        "Album": "In the Zone",
        "Genre": "Pop",
        "Total Time": "198800",
        "Track Number": "6",
        "Year": "2003",
        "Bit Rate": "256"
    },
    {
        "Name": "Timber (feat. Ke$ha)",
        "Artist": "Pitbull",
        "Composer": "Armando C. Perez, Lukasz Gottwald, Henry Walter, Jamie Sanderson, Breyan Stanley Isaac, Priscilla Hamilton, Kesha Sebert, Lee Oskar, Keri Oskar & Greg Errico",
        "Album": "Global Warming: Meltdown (Deluxe Version)",
        "Genre": "Pop",
        "Total Time": "204134",
        "Track Number": "13",
        "Year": "2013",
        "Bit Rate": "256"
    },
    {
        "Name": "Girlfriend",
        "Artist": "Avril Lavigne",
        "Composer": "Avril Lavigne & Lukasz 'Doctor Luke' Gottwald",
        "Album": "Girlfriend - Single",
        "Genre": "Pop",
        "Total Time": "216560",
        "Track Number": "1",
        "Year": "2007",
        "Bit Rate": "256"
    },
    {
        "Name": "Let It Go",
        "Artist": "Idina Menzel",
        "Album": "Frozen (Original Motion Picture Soundtrack)",
        "Genre": "Soundtrack",
        "Total Time": "224622",
        "Track Number": "5",
        "Year": "2013",
        "Bit Rate": "256"
    },
    {
        "Name": "Counting Stars",
        "Artist": "OneRepublic",
        "Composer": "Ryan Tedder",
        "Album": "Native (Deluxe Version)",
        "Genre": "Pop",
        "Total Time": "257286",
        "Track Number": "1",
        "Year": "2013",
        "Bit Rate": "256"
    },
    {
        "Name": "Sweater Weather",
        "Artist": "The Neighbourhood",
        "Composer": "Jesse James Rutherford, Zachary Abels & Jeremy Freedman",
        "Album": "I Love You.",
        "Genre": "Alternative",
        "Total Time": "240400",
        "Track Number": "4",
        "Year": "2013",
        "Bit Rate": "256"
    },
    {
        "Name": "Royals",
        "Artist": "Lorde",
        "Composer": "Ella Yelich O'Connor & Joel Little",
        "Album": "Pure Heroine",
        "Genre": "Alternative",
        "Total Time": "190185",
        "Track Number": "3",
        "Year": "2013",
        "Bit Rate": "256"
    },
    {
        "Name": "Let Her Go",
        "Artist": "Passenger",
        "Album": "All the Little Lights",
        "Genre": "Singer/Songwriter",
        "Total Time": "252733",
        "Track Number": "2",
        "Year": "2012",
        "Bit Rate": "256"
    },
    {
        "Name": "Roar",
        "Artist": "Katy Perry",
        "Composer": "Katy Perry, Lukasz Gottwald, Max Martin, Bonnie McKee & Henry Walter",
        "Album": "PRISM (Deluxe Version)",
        "Genre": "Pop",
        "Total Time": "223546",
        "Track Number": "1",
        "Year": "2013",
        "Bit Rate": "256"
    },
    {
        "Name": "Swallow the Ocean (Coming Alive)",
        "Artist": "NewSong",
        "Composer": "Seth Mosley, Eddie Carswell & Jared Anderson",
        "Album": "Swallow the Ocean (Deluxe Edition)",
        "Genre": "Christian & Gospel",
        "Total Time": "224863",
        "Track Number": "3",
        "Year": "2013",
        "Bit Rate": "256"
    },
    {
        "Name": "Clarity (feat. Foxes)",
        "Artist": "Zedd",
        "Composer": "Anton Zaslavski, Matthew Koma, Porter Robinson & H. Hafferman",
        "Album": "Clarity",
        "Genre": "Dance",
        "Total Time": "271706",
        "Track Number": "5",
        "Year": "2012",
        "Bit Rate": "256"
    },
    {
        "Name": "Dark Horse (feat. Juicy J)",
        "Artist": "Katy Perry",
        "Composer": "Katy Perry, Jordan Houston, Lukasz Gottwald, Sarah Theresa Hudson, Max Martin & Henry Walter",
        "Album": "PRISM (Deluxe)",
        "Genre": "Pop",
        "Total Time": "215672",
        "Track Number": "6",
        "Year": "2013",
        "Bit Rate": "256"
    },
    {
        "Name": "Happy (From 'Despicable Me 2')",
        "Artist": "Pharrell Williams",
        "Composer": "Pharrell Williams",
        "Album": "G I R L",
        "Genre": "Pop",
        "Total Time": "232726",
        "Track Number": "5",
        "Year": "2014",
        "Bit Rate": "256"
    },
    {
        "Name": "All of Me",
        "Artist": "John Legend",
        "Composer": "John Stephens & Toby Gad",
        "Album": "Love in the Future (Deluxe Edition)",
        "Genre": "R&B/Soul",
        "Total Time": "269556",
        "Track Number": "6",
        "Year": "2013",
        "Bit Rate": "256"
    },
    {
        "Name": "Brave",
        "Artist": "Sara Bareilles",
        "Composer": "Sara Bareilles & Jack Antonoff",
        "Album": "The Blessed Unrest",
        "Genre": "Pop",
        "Total Time": "220460",
        "Track Number": "1",
        "Year": "2013",
        "Bit Rate": "256"
    },
    {
        "Name": "Ain't It Fun",
        "Artist": "Paramore",
        "Album": "Paramore",
        "Genre": "Alternative",
        "Total Time": "296508",
        "Track Number": "6",
        "Year": "2013",
        "Bit Rate": "256"
    }
]